{
  "csv": "/root/autodl-tmp/proxy_retrain/layer_dataset_3090.csv",
  "target_col": "ms",
  "target_mode": "log",
  "seed": 2024,
  "n_train": 17498,
  "n_val": 2181,
  "n_test": 2161,
  "features": {
    "num_cols": [
      "img",
      "bs",
      "keep_ratio",
      "L_patch",
      "L_eff",
      "peak_mem_mb",
      "depth",
      "embed_dim",
      "num_heads",
      "mlp_ratio",
      "complexity_ratio",
      "head_dim",
      "tp_world_size"
    ],
    "cat_cols": [
      "device",
      "cfg",
      "layer_type",
      "prec",
      "status"
    ],
    "input_dim": 46
  },
  "metrics": {
    "train": {
      "mape": 0.04814899242185103,
      "p95_ape": 0.131543422389256,
      "p99_ape": 0.17937057320423355,
      "max_ape": 0.5107922688916475,
      "spearman_rho": 0.9982712114834116,
      "kendall_tau": 0.9654118811854653,
      "pairwise_acc": 0.9835380245629476
    },
    "val": {
      "mape": 0.05074793414051794,
      "p95_ape": 0.14098521055052718,
      "p99_ape": 0.18718356019259175,
      "max_ape": 0.22701379446104822,
      "spearman_rho": 0.997965617441516,
      "kendall_tau": 0.9628223986844678,
      "pairwise_acc": 0.9806836430373939
    },
    "test": {
      "mape": 0.05267586914844423,
      "p95_ape": 0.14613617269966653,
      "p99_ape": 0.1918705920240403,
      "max_ape": 0.35271095967391397,
      "spearman_rho": 0.9976348327520301,
      "kendall_tau": 0.9599235579074689,
      "pairwise_acc": 0.9788386738284868
    }
  },
  "nonphysical": {
    "train_count_le_0": 0,
    "val_count_le_0": 0,
    "test_count_le_0": 0,
    "train_min": 0.07586220651865005,
    "val_min": 0.07754586637020111,
    "test_min": 0.07641682028770447
  },
  "notes": [
    "MAPE 是必要但不充分：请重点看 spearman/pairwise_acc。",
    "若出现 <=0 的预测，请优先使用 log-space（本脚本默认）并检查数据与特征范围。"
  ]
}