{
  "chiplets": {
    "S": 8,
    "tdp": [
      13.444218515250482,
      12.579544029403024,
      9.205715808308451,
      7.589167502929634,
      10.112747213686085,
      9.049341374504143,
      12.837985890347726,
      8.033127260789275
    ]
  },
  "sites": {
    "Ns": 16,
    "sites_xy": [
      [
        -0.04680609169528838,
        0.1667640789100624
      ],
      [
        0.8162257703906703,
        0.009373711634780513
      ],
      [
        -0.43632431120059234,
        0.5116084083144479
      ],
      [
        0.23673799335066326,
        -0.4989873172751189
      ],
      [
        0.8194925119364802,
        0.9655709520753062
      ],
      [
        0.6204344719931791,
        0.8043319008791654
      ],
      [
        -0.37970486136133474,
        0.4596634965202573
      ],
      [
        0.797676575935987,
        0.36796786383088254
      ],
      [
        -0.055714569094573285,
        -0.7985975838632684
      ],
      [
        -0.13165632909243263,
        0.2217739468876032
      ],
      [
        0.8260221064757964,
        0.9332127355415176
      ],
      [
        -0.04598044689456593,
        0.7306198555432801
      ],
      [
        -0.47901537921608117,
        0.6100556540260447
      ],
      [
        0.09739860767117858,
        -0.9719165996719621
      ],
      [
        0.43940937280790826,
        -0.2023529155514625
      ],
      [
        0.649689954296466,
        0.3363064024637017
      ]
    ]
  },
  "mapping": {
    "traffic_matrix": [
      [
        0.0011428193144282783,
        0.49357786646532464,
        0.8676027754927809,
        0.24391087688713198,
        0.32520436274739006,
        0.8704712321086546,
        0.19106709150239054,
        0.5675107406206719
      ],
      [
        0.23861592861522019,
        0.9675402502901433,
        0.80317946927987,
        0.44796957143557037,
        0.08044581855253541,
        0.32005460467254576,
        0.5079406425205739,
        0.9328338242269067
      ],
      [
        0.10905784593110368,
        0.5512672460905512,
        0.7065614098668896,
        0.5474409113284238,
        0.814466863291336,
        0.540283606970324,
        0.9638385459738009,
        0.603185627961383
      ],
      [
        0.5876170641754364,
        0.4449890262755162,
        0.5962868615831063,
        0.38490114597266045,
        0.5756510141648885,
        0.290329502402758,
        0.18939132855435614,
        0.1867295282555551
      ],
      [
        0.6127731798686067,
        0.6566593889896288,
        0.47653099200938076,
        0.08982436119559367,
        0.7576039219664368,
        0.8767703708227748,
        0.9233810159462806,
        0.8424602231401824
      ],
      [
        0.898173121357879,
        0.9230824398201768,
        0.5405999249480544,
        0.3912960502346249,
        0.7052833998544062,
        0.27563412131212717,
        0.8116287085078785,
        0.8494859651863671
      ],
      [
        0.8950389674266752,
        0.5898011835311598,
        0.9497648732321206,
        0.5796950107456059,
        0.4505631066311552,
        0.660245378622389,
        0.9962578393535727,
        0.9169412179474561
      ],
      [
        0.7933250841302242,
        0.0823729881966474,
        0.6127831050407122,
        0.4864442019691668,
        0.6301473404114728,
        0.8450775756715152,
        0.24303562206185625,
        0.7314892207908478
      ]
    ]
  },
  "weights": {
    "w_comm": 0.5,
    "w_therm": 0.5
  },
  "sigma": 1.0,
  "wafer": {
    "radius": 1.0
  },
  "assign_seed": 0
}