{
  "chiplets": {
    "S": 8,
    "tdp": [
      6.343642441124012,
      13.474337369372327,
      12.63774618976614,
      7.550690257394217,
      9.95435087091941,
      9.49491064788738,
      11.515929727227629,
      12.88723351135513
    ]
  },
  "sites": {
    "Ns": 16,
    "sites_xy": [
      [
        -0.8122808264515302,
        -0.9433050469559874
      ],
      [
        0.6715302078397394,
        -0.13446586418989326
      ],
      [
        0.524560164915884,
        -0.9957878932977786
      ],
      [
        -0.10922561189039715,
        0.44308006468156513
      ],
      [
        -0.5424755574590947,
        0.8905413911078446
      ],
      [
        0.8028549152229671,
        -0.9388200339328929
      ],
      [
        -0.9491082780130784,
        0.08282494558699316
      ],
      [
        0.8782983255570211,
        -0.23759152462357513
      ],
      [
        -0.5668012057387732,
        -0.15576684883456537
      ],
      [
        -0.9419184248502641,
        -0.5566166674539299
      ],
      [
        -0.12422481269885588,
        -0.008375517236298702
      ],
      [
        -0.5338310994848547,
        -0.5382669169180314
      ],
      [
        -0.5624379253246228,
        -0.08079306852453283
      ],
      [
        -0.42043677081902886,
        -0.9570205894681822
      ],
      [
        0.6751559513251457,
        0.11290864530486688
      ],
      [
        0.28458872586489115,
        -0.6281874682105646
      ]
    ]
  },
  "mapping": {
    "traffic_matrix": [
      [
        0.9925434121760651,
        0.8599465287952899,
        0.12088995980580641,
        0.3326951853601291,
        0.7214844075832684,
        0.7111917696952796,
        0.9364405867994596,
        0.4221069999614152
      ],
      [
        0.830035693274327,
        0.670305566414071,
        0.3033685109329176,
        0.5875806061435594,
        0.8824790008318577,
        0.8461974184283128,
        0.5052838205796004,
        0.5890022579825517
      ],
      [
        0.034525830151341586,
        0.24273997354306764,
        0.7974042475543028,
        0.4143139993007743,
        0.17300740157905092,
        0.548798761388153,
        0.7030407620656315,
        0.6744858305023272
      ],
      [
        0.3747030205016403,
        0.4389616300445631,
        0.5084264882499818,
        0.7784426150001458,
        0.5209384176131452,
        0.39325509496422606,
        0.4896935204622582,
        0.029574963966907064
      ],
      [
        0.04348729035652743,
        0.703382088603836,
        0.9831877173096739,
        0.5931837303800576,
        0.393599686377914,
        0.17034919685568128,
        0.5022385584334831,
        0.9820766375385342
      ],
      [
        0.7705231398308006,
        0.5396174484497788,
        0.8602897789205496,
        0.23217612806301458,
        0.513771663187637,
        0.9524673882682695,
        0.5777948078012031,
        0.45913173191066836
      ],
      [
        0.2692794774414212,
        0.5479963094662489,
        0.9571162814602269,
        0.005709129450392925,
        0.7836552326153898,
        0.8204859119254819,
        0.8861795808260082,
        0.7405034118331963
      ],
      [
        0.8091399008724796,
        0.518678283523002,
        0.561357864778379,
        0.4260906796881502,
        0.05612329752074041,
        0.8700101551766398,
        0.5699993338763802,
        0.19983942017714307
      ]
    ]
  },
  "weights": {
    "w_comm": 0.5,
    "w_therm": 0.5
  },
  "sigma": 1.0,
  "wafer": {
    "radius": 1.0
  },
  "assign_seed": 1
}