{
  "chiplets": {
    "S": 8,
    "tdp": [
      14.560342718892494,
      14.478274870593493,
      5.565513677268087,
      5.848719951589216,
      13.354988781294496,
      12.359699890685233,
      11.69730401440221,
      8.081364575891442
    ]
  },
  "sites": {
    "Ns": 16,
    "sites_xy": [
      [
        0.21188833135692486,
        0.21360346728167579
      ],
      [
        0.16240803422400618,
        -0.6832342594903889
      ],
      [
        -0.13866071941746272,
        -0.21293635958925727
      ],
      [
        0.4460241624749317,
        0.9896391258994854
      ],
      [
        0.8987909461864871,
        0.08835409485864165
      ],
      [
        -0.11029162254829283,
        -0.4635185167013438
      ],
      [
        -0.9281513412142848,
        -0.945110285818362
      ],
      [
        -0.07021227580537581,
        -0.36306974429264516
      ],
      [
        -0.23997015619857676,
        0.7835789156565749
      ],
      [
        0.05150553829205662,
        0.12102072205299774
      ],
      [
        -0.5277531857698758,
        -0.9522838417184356
      ],
      [
        -0.34971414247767996,
        -0.7266052140270667
      ],
      [
        0.020447691674402302,
        0.997367136385104
      ],
      [
        0.3489593946917402,
        -0.6363130063537112
      ],
      [
        0.787143073165977,
        0.5935198428432791
      ],
      [
        0.4688033837879555,
        0.8131872997951219
      ]
    ]
  },
  "mapping": {
    "traffic_matrix": [
      [
        0.762885483833071,
        0.7897476374617632,
        0.3537869778416035,
        0.9809765730721266,
        0.9619009378982257,
        0.16118465330401888,
        0.7540040716518721,
        0.7151508982374535
      ],
      [
        0.4614066977419776,
        0.530355716123445,
        0.4900139218501913,
        0.9248320720945703,
        0.5008410626306549,
        0.8315244897918123,
        0.3539242048687159,
        0.8828509185812531
      ],
      [
        0.8997005887566257,
        0.46101216488163765,
        0.5677050704202443,
        0.9203304391919288,
        0.7237729538720183,
        0.48660855486158505,
        0.22181101099101086,
        0.324667243768898
      ],
      [
        0.6995716380702436,
        0.16606968549412615,
        0.9079404966260946,
        0.26813751289981635,
        0.9113778358680468,
        0.3095631249494607,
        0.957361711556158,
        0.7062058063676047
      ],
      [
        0.5042488169833176,
        0.5177477561485521,
        0.6514143989667908,
        0.5879447117944846,
        0.3118443245510002,
        0.20781847453792723,
        0.5118916583552825,
        0.9341543591337786
      ],
      [
        0.6232650867258723,
        0.0753753690740454,
        0.8203999947120169,
        0.7259492874772981,
        0.9076536209513208,
        0.1914027333041175,
        0.7447827242773541,
        0.058758896398655724
      ],
      [
        0.6529099274345497,
        0.27309973233714935,
        0.22661652924476305,
        0.8754911714482378,
        0.10626598264552489,
        0.52236266535893,
        0.853943007184872,
        0.2448319779690169
      ],
      [
        0.2104789386956465,
        0.8805817593662799,
        0.42291764838969603,
        0.7169610989049753,
        0.03187307012674512,
        0.36235691130324066,
        0.17188099212573238,
        0.6727654414135418
      ]
    ]
  },
  "weights": {
    "w_comm": 0.5,
    "w_therm": 0.5
  },
  "sigma": 1.0,
  "wafer": {
    "radius": 1.0
  },
  "assign_seed": 2
}