{
  "ms": {
    "train_mape": 0.05392715615648123,
    "test_mape": 0.05616141527841337,
    "per_prec_train": {
      "fp16": 0.05916324828326615,
      "fp32": 0.048691064029696314
    },
    "per_prec_test": {
      "fp16": 0.06336847565825127,
      "fp32": 0.048954354898575476
    },
    "per_layer_type_test": {
      "patch_embed": 0.06530579309047849,
      "attn": 0.04832994828023138,
      "mlp": 0.05484850446453026
    }
  },
  "mem": {
    "train_mape": 0.03197758550725278,
    "test_mape": 0.036638680983062596,
    "per_prec_train": {
      "fp16": 0.033368268004591264,
      "fp32": 0.030586903009914294
    },
    "per_prec_test": {
      "fp16": 0.039831239442001176,
      "fp32": 0.033446122524124
    },
    "per_layer_type_test": {
      "patch_embed": 0.04781800481813717,
      "attn": 0.031160689432345987,
      "mlp": 0.0309373486987046
    }
  }
}