{
  "power": {
    "train_mape": 0.015713886276561125,
    "test_mape": 0.01578515223285381,
    "per_prec_train": {
      "fp16": 0.013014882476935592,
      "fp32": 0.01841289007618666
    },
    "per_prec_test": {
      "fp16": 0.014107261653782186,
      "fp32": 0.017463042811925435
    },
    "per_layer_type_test": {
      "patch_embed": 0.020378985120306867,
      "attn": 0.011071549717175149,
      "mlp": 0.01590492186107941
    }
  }
}